,name,artist,album,danceability,energy,key,loudness,mode,speechiness,acousticness,instrumentalness,liveness,valence,tempo
0,Keep The Family Close,Drake,Views,0.378,0.566,9,-7.685,0,0.0482,0.149,0.0,0.382,0.196,87.691
1,9,Drake,Views,0.68,0.712,10,-7.184,1,0.0453,0.000803,0.000612,0.237,0.0379,100.009
2,U With Me?,Drake,Views,0.429,0.43,2,-11.373,1,0.165,0.338,1.18e-05,0.138,0.125,174.983
3,Feel No Ways,Drake,Views,0.582,0.677,7,-7.081,1,0.172,0.0312,6.6e-06,0.122,0.205,193.818
4,Hype,Drake,Views,0.787,0.635,4,-8.271,0,0.155,0.0253,0.0,0.357,0.237,130.018
5,Weston Road Flows,Drake,Views,0.623,0.74,1,-6.942,1,0.307,0.0635,0.0,0.366,0.35,82.877
6,Redemption,Drake,Views,0.694,0.314,0,-7.82,1,0.116,0.611,2.07e-06,0.117,0.341,119.905
7,With You,Drake,Views,0.878,0.406,1,-9.961,1,0.248,0.134,0.000234,0.112,0.784,128.014
8,Faithful,Drake,Views,0.536,0.449,1,-10.499,1,0.103,0.11,1.49e-05,0.284,0.171,99.889
9,Still Here,Drake,Views,0.834,0.433,0,-9.607,1,0.174,0.0258,0.0,0.633,0.229,133.938
10,Controlla,Drake,Views,0.59,0.468,10,-11.083,0,0.185,0.0789,0.0,0.101,0.349,92.287
11,One Dance,Drake,Views,0.792,0.625,1,-5.609,1,0.0536,0.00776,0.0018,0.329,0.37,103.967
12,Grammys,Drake,Views,0.676,0.432,1,-9.51,1,0.502,0.00163,3.84e-06,0.0799,0.12,145.869
13,Childs Play,Drake,Views,0.746,0.475,10,-11.243,0,0.113,0.0175,1.1e-05,0.197,0.292,80.006
14,Pop Style,Drake,Views,0.713,0.462,7,-10.027,1,0.123,0.192,2.16e-06,0.105,0.0594,133.053
15,Too Good,Drake,Views,0.794,0.653,7,-7.839,1,0.104,0.0489,4.88e-05,0.1,0.397,117.996
16,Summers Over Interlude,Drake,Views,0.699,0.255,4,-8.647,0,0.0303,0.405,0.00242,0.0985,0.242,132.031
17,Fire & Desire,Drake,Views,0.722,0.252,1,-14.411,0,0.0761,0.0671,0.0,0.0852,0.275,79.923
18,Views,Drake,Views,0.395,0.852,5,-5.896,1,0.37,0.0657,0.0,0.262,0.112,76.428
19,Hotline Bling,Drake,Views,0.891,0.628,2,-7.863,1,0.0551,0.00258,0.00019,0.0504,0.552,134.966
20,Digital Dash,Drake,What A Time To Be Alive,0.881,0.546,2,-7.566,1,0.12,0.00296,4.72e-06,0.226,0.276,140.032
21,Big Rings,Drake,What A Time To Be Alive,0.776,0.675,8,-6.224,0,0.266,0.00196,0.0,0.227,0.27,131.984
22,Live From The Gutter,Drake,What A Time To Be Alive,0.824,0.49,7,-8.391,1,0.429,0.0369,1.24e-06,0.0807,0.307,165.948
23,Diamonds Dancing,Drake,What A Time To Be Alive,0.51,0.358,1,-10.847,1,0.0467,0.125,3.74e-05,0.111,0.171,136.036
24,Scholarships,Drake,What A Time To Be Alive,0.739,0.416,0,-9.319,0,0.285,0.0966,1.27e-05,0.1,0.259,109.168
25,Plastic Bag,Drake,What A Time To Be Alive,0.845,0.479,1,-6.065,1,0.298,0.0104,1.79e-06,0.157,0.35,170.919
26,I'm The Plug,Drake,What A Time To Be Alive,0.828,0.55,5,-9.158,1,0.255,0.000379,0.0016,0.134,0.254,160.016
27,Change Locations,Drake,What A Time To Be Alive,0.787,0.329,0,-9.991,1,0.391,0.0207,2.95e-06,0.118,0.209,137.85
28,Jumpman,Drake,What A Time To Be Alive,0.852,0.553,1,-7.286,1,0.187,0.0559,0.0,0.332,0.656,142.079
29,Jersey,Future,What A Time To Be Alive,0.758,0.526,5,-10.81,0,0.255,0.513,0.000457,0.0913,0.312,146.054
30,30 for 30 Freestyle,Drake,What A Time To Be Alive,0.744,0.619,4,-9.143,0,0.398,0.671,0.0,0.123,0.317,89.252
31,Deep Pockets,Drake,Dark Lane Demo Tapes,0.473,0.824,7,-3.68,0,0.163,0.482,0.0,0.605,0.374,77.888
32,When To Say When,Drake,Dark Lane Demo Tapes,0.41,0.82,1,-6.808,1,0.533,0.252,0.0,0.538,0.526,170.718
33,Chicago Freestyle (feat. Giveon),Drake,Dark Lane Demo Tapes,0.735,0.449,10,-7.507,1,0.347,0.629,0.0,0.113,0.0397,122.947
34,Not You Too (feat. Chris Brown),Drake,Dark Lane Demo Tapes,0.458,0.452,9,-9.299,0,0.047,0.342,1.94e-05,0.0703,0.316,86.318
35,Toosie Slide,Drake,Dark Lane Demo Tapes,0.83,0.49,1,-8.82,0,0.209,0.289,3.04e-06,0.113,0.845,81.604
36,Desires (with Future),Drake,Dark Lane Demo Tapes,0.812,0.506,5,-7.706,0,0.116,0.281,0.0,0.325,0.554,145.074
37,Time Flies,Drake,Dark Lane Demo Tapes,0.864,0.477,10,-5.786,1,0.224,0.201,0.0,0.182,0.5,86.46
38,Landed,Drake,Dark Lane Demo Tapes,0.881,0.636,7,-4.629,1,0.287,0.00606,0.0,0.111,0.715,163.949
39,D4L,Future,Dark Lane Demo Tapes,0.718,0.706,1,-5.709,1,0.06,0.0128,0.0,0.352,0.815,170.004
40,Pain 1993 (with Playboi Carti),Drake,Dark Lane Demo Tapes,0.825,0.373,5,-5.532,0,0.108,0.163,0.0,0.368,0.12,77.271
41,Losses,Drake,Dark Lane Demo Tapes,0.551,0.57,1,-7.385,0,0.351,0.28,0.0,0.424,0.505,85.687
42,From Florida With Love,Drake,Dark Lane Demo Tapes,0.787,0.477,6,-7.837,0,0.199,0.768,0.0,0.104,0.476,80.506
43,Demons (feat. Fivio Foreign & Sosa Geek),Drake,Dark Lane Demo Tapes,0.543,0.766,0,-3.387,0,0.343,0.423,0.0,0.155,0.729,106.869
44,War,Drake,Dark Lane Demo Tapes,0.749,0.792,10,-4.151,0,0.0826,0.292,0.0,0.109,0.239,144.064
45,Dreams Money Can Buy,Drake,Care Package,0.423,0.587,6,-6.635,1,0.529,0.765,0.0,0.114,0.33,180.331
46,The Motion,Drake,Care Package,0.631,0.788,4,-7.142,0,0.102,0.371,0.000317,0.108,0.544,157.769
47,How Bout Now,Drake,Care Package,0.789,0.404,1,-8.364,1,0.23,0.205,0.0,0.219,0.472,122.062
48,Trust Issues,Drake,Care Package,0.421,0.539,11,-5.456,0,0.274,0.779,0.0,0.111,0.523,89.177
49,Days in The East,Drake,Care Package,0.733,0.361,1,-11.129,1,0.135,0.348,0.000285,0.0942,0.0361,94.902
50,Draft Day,Drake,Care Package,0.673,0.81,8,-3.793,1,0.36,0.0322,0.0,0.133,0.564,166.084
51,4pm in Calabasas,Drake,Care Package,0.743,0.66,4,-4.802,0,0.418,0.115,0.0,0.101,0.549,192.031
52,5 Am in Toronto,Drake,Care Package,0.555,0.88,11,-4.325,0,0.265,0.0678,0.0,0.0723,0.391,87.195
53,I Get Lonely,Drake,Care Package,0.477,0.501,11,-9.178,0,0.0398,0.706,5.61e-06,0.0953,0.689,81.376
54,My Side,Drake,Care Package,0.549,0.495,6,-5.661,0,0.133,0.603,7.26e-06,0.0979,0.385,81.012
55,Jodeci Freestyle (feat. J. Cole),Drake,Care Package,0.498,0.844,2,-2.834,1,0.268,0.0111,0.0,0.102,0.282,88.435
56,Club Paradise,Drake,Care Package,0.338,0.729,6,-6.419,0,0.102,0.758,3.24e-05,0.18,0.543,184.174
57,Free Spirit (feat. Rick Ross),Drake,Care Package,0.508,0.748,1,-4.997,1,0.33,0.281,0.0,0.168,0.225,100.414
58,Heat Of The Moment,Drake,Care Package,0.641,0.454,5,-8.344,0,0.133,0.179,0.000116,0.065,0.302,78.036
59,Girls Love Beyoncé (feat. James Fauntleroy),Drake,Care Package,0.619,0.489,11,-11.25,0,0.46,0.782,0.0,0.106,0.328,126.046
60,Paris Morton Music,Drake,Care Package,0.505,0.494,10,-8.635,0,0.315,0.414,7.98e-05,0.105,0.141,171.978
61,Can I,Drake,Care Package,0.643,0.178,4,-8.56,0,0.0588,0.484,0.0108,0.122,0.0674,85.042
62,Survival,Drake,Scorpion,0.555,0.596,9,-9.09,0,0.375,0.133,0.0,0.123,0.145,77.324
63,Nonstop,Drake,Scorpion,0.912,0.412,7,-8.074,1,0.123,0.0165,0.0126,0.104,0.423,154.983
64,Elevate,Drake,Scorpion,0.758,0.474,1,-8.72,1,0.147,0.0152,0.0,0.116,0.0542,76.061
65,Emotionless,Drake,Scorpion,0.414,0.677,1,-5.12,1,0.254,0.0248,0.0,0.0793,0.0853,172.521
66,God's Plan,Drake,Scorpion,0.754,0.449,7,-9.211,1,0.109,0.0332,8.29e-05,0.552,0.357,77.169
67,I'm Upset,Drake,Scorpion,0.899,0.586,11,-7.866,0,0.343,0.279,0.0,0.0836,0.492,150.002
68,8 Out Of 10,Drake,Scorpion,0.527,0.689,2,-7.87,1,0.741,0.161,0.0,0.498,0.31,170.538
69,Mob Ties,Drake,Scorpion,0.754,0.575,4,-8.393,0,0.0682,0.045,0.00131,0.276,0.491,86.009
70,Can’t Take A Joke,Drake,Scorpion,0.761,0.598,10,-7.249,0,0.182,0.126,0.0,0.0839,0.446,173.897
71,Sandra’s Rose,Drake,Scorpion,0.486,0.849,1,-5.432,1,0.246,0.0481,0.0,0.143,0.519,152.086
72,Talk Up (feat. Jay-Z),Drake,Scorpion,0.758,0.491,11,-9.877,1,0.138,0.00354,6.5e-06,0.292,0.334,140.121
73,Is There More,Drake,Scorpion,0.708,0.547,1,-7.607,1,0.314,0.727,0.0,0.159,0.549,83.8
74,Peak,Drake,Scorpion,0.687,0.218,9,-13.539,0,0.0388,0.85,0.000125,0.106,0.269,91.991
75,Summer Games,Drake,Scorpion,0.776,0.482,1,-11.269,1,0.0357,0.477,0.0456,0.11,0.134,136.008
76,Jaded,Drake,Scorpion,0.764,0.271,0,-5.697,1,0.0414,0.037,0.0,0.175,0.0371,116.019
77,Nice For What,Drake,Scorpion,0.585,0.909,8,-6.474,1,0.0707,0.0891,9.7e-05,0.119,0.758,93.372
78,Finesse,Drake,Scorpion,0.807,0.319,0,-8.152,0,0.0581,0.133,0.000338,0.101,0.299,94.992
79,Ratchet Happy Birthday,Drake,Scorpion,0.657,0.571,2,-12.519,1,0.139,0.11,0.00123,0.0735,0.622,167.958
80,That’s How You Feel,Drake,Scorpion,0.85,0.473,10,-5.747,0,0.209,0.117,0.0103,0.108,0.38,85.454
81,Blue Tint,Drake,Scorpion,0.889,0.372,7,-10.254,0,0.357,0.013,0.0,0.184,0.123,133.997
82,In My Feelings,Drake,Scorpion,0.835,0.626,1,-5.833,1,0.125,0.0589,6e-05,0.396,0.35,91.03
83,Don’t Matter To Me (with Michael Jackson),Drake,Scorpion,0.822,0.318,10,-12.391,1,0.0575,0.493,0.0128,0.11,0.138,102.998
84,After Dark (feat. Static Major & Ty Dolla $ign),Drake,Scorpion,0.687,0.429,2,-13.075,1,0.192,0.0407,0.0,0.142,0.336,141.966
85,Final Fantasy,Drake,Scorpion,0.5,0.449,0,-10.977,1,0.442,0.422,7.96e-06,0.115,0.104,144.206
86,March 14,Drake,Scorpion,0.558,0.414,10,-7.355,0,0.358,0.405,0.0,0.36,0.318,127.094
87,Free Smoke,Drake,More Life,0.736,0.491,10,-6.892,0,0.439,0.0681,0.0,0.571,0.203,141.979
88,No Long Talk,Drake,More Life,0.913,0.608,10,-6.839,0,0.234,0.0671,0.0,0.533,0.578,97.063
89,Passionfruit,Drake,More Life,0.809,0.463,11,-11.377,1,0.0396,0.256,0.085,0.109,0.364,111.98
90,Jorja Interlude,Drake,More Life,0.735,0.373,11,-10.478,1,0.104,0.762,0.00202,0.288,0.237,123.081
91,Get It Together,Drake,More Life,0.781,0.721,5,-9.133,0,0.0514,0.0945,0.391,0.104,0.849,123.011
92,Madiba Riddim,Drake,More Life,0.839,0.521,7,-10.45,1,0.166,0.245,0.00545,0.607,0.33,105.992
93,Blem,Drake,More Life,0.726,0.535,7,-7.804,0,0.0476,0.0533,1.38e-05,0.0984,0.375,98.067
94,4422,Drake,More Life,0.609,0.229,11,-12.36,0,0.0333,0.558,0.0413,0.113,0.19,111.887
95,Gyalchester,Drake,More Life,0.877,0.391,1,-8.196,1,0.063,0.0317,0.000502,0.0945,0.122,131.018
96,Skepta Interlude,Drake,More Life,0.745,0.822,7,-6.354,1,0.252,0.0103,4.2e-06,0.155,0.415,86.733
97,Portland,Drake,More Life,0.925,0.443,1,-8.216,1,0.264,0.0172,0.0,0.276,0.35,136.078
98,Sacrifices,Drake,More Life,0.903,0.439,8,-11.813,1,0.397,0.0407,0.0,0.138,0.532,139.112
99,Nothings Into Somethings,Drake,More Life,0.766,0.234,11,-7.544,0,0.159,0.332,0.00156,0.358,0.256,96.882
100,Teenage Fever,Drake,More Life,0.766,0.283,8,-10.33,0,0.0846,0.111,0.0172,0.115,0.144,97.04
101,KMT,Drake,More Life,0.875,0.6,1,-6.818,1,0.0435,0.0189,0.0143,0.132,0.0906,119.987
102,Lose You,Drake,More Life,0.526,0.583,4,-9.172,1,0.376,0.699,0.0,0.372,0.378,89.837
103,Can't Have Everything,Drake,More Life,0.856,0.572,1,-8.429,1,0.373,0.0136,1.55e-06,0.121,0.454,82.445
104,Glow,Drake,More Life,0.688,0.384,9,-8.824,0,0.375,0.2,0.0,0.708,0.432,162.098
105,Since Way Back,Drake,More Life,0.468,0.266,0,-11.121,1,0.13,0.348,9.55e-06,0.209,0.222,153.294
106,Fake Love,Drake,More Life,0.928,0.481,9,-9.35,0,0.287,0.105,0.0,0.176,0.613,134.007
107,Ice Melts,Drake,More Life,0.813,0.551,6,-7.605,0,0.353,0.08,0.0,0.386,0.598,124.957
108,Do Not Disturb,Drake,More Life,0.618,0.693,7,-5.943,0,0.45,0.246,0.0,0.112,0.454,170.982
109,Legend,Drake,If You're Reading This It's Too Late,0.714,0.563,1,-7.574,1,0.0723,0.0266,0.0,0.0776,0.31,100.091
110,Energy,Drake,If You're Reading This It's Too Late,0.747,0.571,11,-7.916,1,0.478,0.38,0.0,0.534,0.553,172.104
111,10 Bands,Drake,If You're Reading This It's Too Late,0.825,0.756,11,-3.687,0,0.383,0.265,2.15e-06,0.0762,0.888,172.938
112,Know Yourself,Drake,If You're Reading This It's Too Late,0.72,0.412,11,-8.687,0,0.223,0.196,0.0,0.342,0.179,114.408
113,No Tellin',Drake,If You're Reading This It's Too Late,0.823,0.467,0,-10.394,0,0.301,0.543,1.06e-06,0.135,0.618,95.026
114,Madonna,Drake,If You're Reading This It's Too Late,0.905,0.492,2,-8.598,1,0.0595,0.0149,3.77e-05,0.371,0.142,110.017
115,6 God,Drake,If You're Reading This It's Too Late,0.868,0.623,2,-8.595,1,0.101,0.0249,0.0,0.125,0.498,105.446
116,Star67,Drake,If You're Reading This It's Too Late,0.521,0.392,3,-7.88,1,0.17,0.747,8.81e-06,0.198,0.166,91.939
117,Preach,Drake,If You're Reading This It's Too Late,0.605,0.51,11,-8.094,0,0.423,0.165,8.8e-05,0.104,0.389,65.255
118,Wednesday Night Interlude,Drake,If You're Reading This It's Too Late,0.312,0.466,9,-8.163,0,0.0509,0.729,7.34e-06,0.215,0.195,135.44
119,Used To,Drake,If You're Reading This It's Too Late,0.926,0.427,10,-7.584,0,0.105,0.0703,0.000337,0.0818,0.304,96.025
120,6 Man,Drake,If You're Reading This It's Too Late,0.568,0.535,4,-9.306,1,0.513,0.217,0.0,0.114,0.326,83.589
121,Now & Forever,Drake,If You're Reading This It's Too Late,0.555,0.481,6,-7.419,1,0.0322,0.124,0.0,0.101,0.098,107.793
122,Company,Drake,If You're Reading This It's Too Late,0.651,0.55,7,-8.215,1,0.0496,0.0403,0.0,0.165,0.119,107.567
123,You & The 6,Drake,If You're Reading This It's Too Late,0.545,0.476,7,-7.444,0,0.284,0.168,0.0,0.13,0.223,154.362
124,Jungle,Drake,If You're Reading This It's Too Late,0.697,0.235,7,-8.651,1,0.0534,0.62,0.000144,0.107,0.378,99.947
125,6PM In New York,Drake,If You're Reading This It's Too Late,0.554,0.85,5,-4.155,1,0.251,0.107,0.0,0.155,0.383,128.429
126,Tuscan Leather,Drake,Nothing Was The Same (Deluxe),0.432,0.681,6,-5.4,1,0.437,0.114,0.0,0.236,0.296,77.793
127,Furthest Thing,Drake,Nothing Was The Same (Deluxe),0.485,0.78,9,-5.261,0,0.142,0.149,0.0,0.0568,0.267,136.972
128,Started From the Bottom,Drake,Nothing Was The Same (Deluxe),0.794,0.523,8,-7.829,1,0.161,0.0331,0.0,0.156,0.56,86.307
129,Wu-Tang Forever,Drake,Nothing Was The Same (Deluxe),0.855,0.433,1,-8.447,0,0.15,0.0414,0.0,0.1,0.394,99.975
130,Own It,Drake,Nothing Was The Same (Deluxe),0.652,0.345,8,-11.319,0,0.119,0.0437,3.59e-05,0.297,0.304,103.281
131,Worst Behavior,Drake,Nothing Was The Same (Deluxe),0.777,0.778,9,-6.349,1,0.136,0.156,1.08e-06,0.196,0.437,109.925
132,From Time,Drake,Nothing Was The Same (Deluxe),0.737,0.494,1,-9.723,0,0.416,0.629,0.0,0.126,0.44,94.485
133,"Hold On, We're Going Home",Drake,Nothing Was The Same (Deluxe),0.773,0.414,6,-7.436,0,0.0961,0.00411,3.4e-05,0.0733,0.289,99.993
134,Connect,Drake,Nothing Was The Same (Deluxe),0.685,0.489,6,-9.472,0,0.152,0.411,0.0,0.132,0.461,75.018
135,The Language,Drake,Nothing Was The Same (Deluxe),0.823,0.662,7,-8.426,1,0.318,0.0118,0.0,0.0805,0.533,120.117
136,305 To My City,Drake,Nothing Was The Same (Deluxe),0.519,0.487,4,-8.803,0,0.242,0.0515,0.0,0.15,0.126,112.281
137,Too Much,Drake,Nothing Was The Same (Deluxe),0.668,0.565,6,-5.879,1,0.505,0.171,0.0,0.124,0.142,140.489
138,Pound Cake / Paris Morton Music 2,Drake,Nothing Was The Same (Deluxe),0.521,0.762,2,-6.746,1,0.529,0.138,1.11e-05,0.114,0.266,164.09
139,Come Thru,Drake,Nothing Was The Same (Deluxe),0.472,0.468,3,-5.815,1,0.184,0.163,0.0,0.586,0.404,81.94
140,All Me,Drake,Nothing Was The Same (Deluxe),0.668,0.515,1,-6.977,1,0.402,0.0703,0.0,0.223,0.425,122.014
141,The Motion,Drake,Nothing Was The Same (Deluxe),0.676,0.717,11,-8.219,0,0.0874,0.29,0.000368,0.0974,0.558,157.628
142,Over My Dead Body,Drake,Take Care (Deluxe),0.489,0.57,1,-10.291,1,0.306,0.759,2.1e-06,0.179,0.584,185.516
143,Shot For Me,Drake,Take Care (Deluxe),0.566,0.465,2,-11.714,1,0.235,0.0555,0.0,0.567,0.177,143.015
144,Headlines,Drake,Take Care (Deluxe),0.636,0.566,6,-7.16,0,0.106,0.365,0.000353,0.0917,0.425,151.894
145,Crew Love,Drake,Take Care (Deluxe),0.418,0.546,0,-9.057,0,0.238,0.227,0.0,0.229,0.294,160.152
146,Take Care,Drake,Take Care (Deluxe),0.629,0.515,0,-10.358,0,0.265,0.0267,1.22e-05,0.0888,0.299,121.845
147,Marvins Room,Drake,Take Care (Deluxe),0.492,0.26,9,-17.341,0,0.0921,0.646,0.00178,0.0705,0.312,111.519
148,Buried Alive Interlude,Drake,Take Care (Deluxe),0.711,0.543,0,-12.692,1,0.112,0.412,0.0,0.505,0.801,102.01
149,Under Ground Kings,Drake,Take Care (Deluxe),0.487,0.712,8,-7.323,1,0.27,5.2e-05,0.0,0.198,0.397,156.209
150,We'll Be Fine,Drake,Take Care (Deluxe),0.386,0.488,1,-7.303,0,0.422,0.00171,0.0,0.64,0.217,193.397
151,Make Me Proud,Drake,Take Care (Deluxe),0.684,0.486,1,-10.155,1,0.132,0.00268,0.000148,0.157,0.355,131.913
152,Lord Knows,Drake,Take Care (Deluxe),0.417,0.887,5,-5.551,0,0.367,0.0786,0.0,0.834,0.303,167.579
153,Cameras / Good Ones Go Interlude - Medley,Drake,Take Care (Deluxe),0.441,0.403,2,-11.18,0,0.147,0.255,1.27e-05,0.13,0.158,139.92
154,Doing It Wrong,Drake,Take Care (Deluxe),0.397,0.172,6,-15.698,0,0.0445,0.841,6.78e-05,0.108,0.123,101.275
155,The Real Her,Drake,Take Care (Deluxe),0.567,0.309,8,-14.254,1,0.385,0.166,0.0,0.12,0.509,65.041
156,Look What You've Done,Drake,Take Care (Deluxe),0.495,0.351,3,-14.669,0,0.34,0.485,0.0,0.0967,0.271,134.369
157,HYFR (Hell Ya Fucking Right),Drake,Take Care (Deluxe),0.444,0.627,7,-8.744,0,0.252,0.123,0.0,0.0795,0.359,98.21
158,Practice,Drake,Take Care (Deluxe),0.446,0.239,1,-15.327,1,0.0876,0.574,7.76e-05,0.12,0.31,104.675
159,The Ride,Drake,Take Care (Deluxe),0.556,0.702,0,-10.079,0,0.205,0.517,0.0,0.343,0.793,155.948
160,The Motto,Drake,Take Care (Deluxe),0.766,0.442,1,-8.558,1,0.356,0.000107,6.12e-05,0.111,0.39,201.8
161,Fireworks,Drake,Thank Me Later (Int'l Version),0.56,0.758,0,-6.472,1,0.345,0.428,0.0,0.162,0.521,90.52
162,Karaoke,Drake,Thank Me Later (Int'l Version),0.756,0.658,0,-7.124,1,0.11,0.00901,0.0188,0.0805,0.954,151.027
163,The Resistance,Drake,Thank Me Later (Int'l Version),0.439,0.738,0,-8.123,1,0.186,0.83,0.0,0.116,0.63,81.475
164,Over,Drake,Thank Me Later (Int'l Version),0.325,0.848,7,-5.611,1,0.279,0.0109,0.0,0.124,0.433,100.093
165,Show Me A Good Time,Drake,Thank Me Later (Int'l Version),0.665,0.734,6,-6.066,0,0.117,0.0385,0.0,0.116,0.706,128.311
166,Up All Night,Drake,Thank Me Later (Int'l Version),0.606,0.809,7,-4.667,1,0.279,0.00778,1.59e-05,0.336,0.272,156.337
167,Fancy,Drake,Thank Me Later (Int'l Version),0.523,0.884,2,-5.581,0,0.461,0.331,2e-06,0.356,0.283,87.275
168,Shut It Down,Drake,Thank Me Later (Int'l Version),0.582,0.437,9,-9.302,0,0.07,0.412,0.0,0.0978,0.401,119.944
169,Unforgettable,Drake,Thank Me Later (Int'l Version),0.562,0.872,4,-5.108,0,0.118,0.0951,0.0,0.107,0.0722,156.107
170,Light Up,Drake,Thank Me Later (Int'l Version),0.482,0.907,8,-5.995,1,0.419,0.0945,0.0,0.151,0.212,86.121
171,Miss Me,Drake,Thank Me Later (Int'l Version),0.429,0.864,2,-5.975,1,0.604,0.081,0.0,0.331,0.332,100.832
172,Cece's Interlude,Drake,Thank Me Later (Int'l Version),0.382,0.6,9,-6.881,0,0.0338,0.0544,5.26e-06,0.115,0.226,95.126
173,Find Your Love,Drake,Thank Me Later (Int'l Version),0.625,0.613,6,-6.005,0,0.173,0.0209,0.0,0.0286,0.738,96.033
174,Thank Me Now,Drake,Thank Me Later (Int'l Version),0.499,0.771,8,-4.85,1,0.42,0.279,0.0,0.119,0.748,76.222
175,Best I Ever Had,Drake,Thank Me Later (Int'l Version),0.431,0.894,5,-2.673,0,0.33,0.0951,0.0,0.188,0.605,162.161
176,Lust For Life,Drake,So Far Gone,0.462,0.422,6,-10.381,1,0.175,0.939,0.0327,0.108,0.0853,87.364
177,Houstatlantavegas,Drake,So Far Gone,0.683,0.695,1,-6.798,0,0.0574,0.393,0.00124,0.124,0.406,135.337
178,Successful (feat. Trey Songz & Lil Wayne),Drake,So Far Gone,0.562,0.544,8,-5.065,1,0.369,0.536,0.0,0.17,0.231,159.517
179,Let’s Call It Off (feat. Peter Bjorn and John),Drake,So Far Gone,0.79,0.731,9,-4.607,0,0.0327,0.00427,0.29,0.157,0.938,127.403
180,November 18th,Drake,So Far Gone,0.749,0.476,11,-11.147,0,0.507,0.579,0.0,0.1,0.534,71.937
181,Ignant Shit (feat. Lil Wayne),Drake,So Far Gone,0.591,0.846,7,-3.687,1,0.276,0.186,0.0,0.463,0.121,94.795
182,A Night Off (feat. Lloyd),Drake,So Far Gone,0.611,0.508,11,-5.573,0,0.0741,0.374,3.87e-06,0.168,0.368,103.612
183,Say What's Real,Drake,So Far Gone,0.462,0.773,8,-5.375,1,0.288,0.632,0.0,0.212,0.455,86.157
184,Little Bit (feat. Lykke Li),Drake,So Far Gone,0.758,0.888,11,-4.899,0,0.0374,0.0999,0.0336,0.661,0.771,120.392
185,Best I Ever Had,Drake,So Far Gone,0.395,0.922,1,-2.176,1,0.375,0.19,0.0,0.134,0.558,162.361
186,Unstoppable (feat. Santigold & Lil Wayne),Drake,So Far Gone,0.774,0.912,2,-2.787,0,0.347,0.165,0.0,0.745,0.821,150.083
187,Uptown (feat. Bun B & Lil Wayne),Drake,So Far Gone,0.416,0.824,1,-3.075,1,0.343,0.00391,0.0,0.104,0.417,85.433
188,Sooner Than Later,Drake,So Far Gone,0.616,0.501,5,-5.722,0,0.24,0.178,1.2e-05,0.105,0.506,94.554
189,Bria's Interlude (feat. Omarion),Drake,So Far Gone,0.49,0.507,2,-6.205,0,0.0849,0.209,0.00104,0.119,0.237,147.037
190,The Calm,Drake,So Far Gone,0.471,0.784,11,-8.25,0,0.883,0.819,1.13e-05,0.107,0.258,160.833
191,Outro (feat. Chilly Gonzales),Drake,So Far Gone,0.397,0.0906,5,-21.655,1,0.054,0.988,0.856,0.344,0.136,185.167
192,Brand New,Drake,So Far Gone,0.399,0.491,6,-8.992,1,0.0714,0.631,0.0,0.171,0.356,94.542
193,Congratulations,Drake,So Far Gone,0.333,0.859,6,-2.286,1,0.148,0.0185,0.0,0.22,0.125,86.882
194,I'm Goin In,Drake,So Far Gone,0.662,0.763,1,-8.455,1,0.377,0.0389,0.0,0.103,0.566,170.031
195,Fear,Drake,So Far Gone,0.334,0.783,9,-6.144,0,0.181,0.0615,0.0,0.11,0.308,83.944
196,"Two Birds, One Stone",Drake,"Two Birds, One Stone",0.529,0.838,8,-2.619,1,0.212,0.337,0.0,0.127,0.355,88.052
197,Fake Love,Drake,Fake Love,0.923,0.535,9,-7.353,0,0.301,0.161,0.0,0.103,0.74,133.942
198,Sneakin’,Drake,Sneakin’,0.806,0.558,8,-6.538,1,0.172,0.00496,1.45e-06,0.16,0.26,85.011
199,Summer Sixteen,Drake,Summer Sixteen,0.595,0.46,1,-7.607,1,0.396,0.00354,2.76e-05,0.147,0.0542,144.988
200,Back To Back,Drake,Back To Back,0.893,0.48,1,-3.728,0,0.356,0.00854,0.0,0.116,0.382,86.976
201,Charged Up,Drake,Charged Up,0.457,0.694,6,-7.018,0,0.608,0.91,0.0,0.121,0.383,177.777
202,Right Hand,Drake,Right Hand,0.915,0.301,2,-7.657,1,0.237,0.117,0.0,0.089,0.351,100.519
203,0 To 100 / The Catch Up,Drake,0 To 100 / The Catch Up,0.559,0.716,11,-3.964,0,0.39,0.737,0.0,0.252,0.504,176.618
204,9AM in Dallas - Edited Version,Drake,9AM in Dallas (Edited Version),0.506,0.837,5,-5.692,1,0.3,0.336,0.0,0.281,0.408,117.68
205,Big Amount,2 Chainz,Big Amount,0.528,0.815,3,-4.878,0,0.297,0.0251,0.0,0.107,0.0937,133.914
206,No Lie,2 Chainz,No Lie (Explicit Version),0.467,0.674,6,-5.919,0,0.225,0.0176,0.0,0.415,0.581,130.585
207,Blessings,Big Sean,Dark Sky Paradise,0.79,0.621,1,-7.634,1,0.275,0.333,0.0,0.122,0.15,118.895
208,Wanna Know Remix (feat. Drake),Dave,Wanna Know Remix (feat. Drake),0.717,0.507,4,-8.595,0,0.0445,0.0741,3.21e-05,0.241,0.198,100.017
209,For Free,DJ Khaled,For Free,0.916,0.571,10,-8.241,0,0.2,0.0173,1.11e-06,0.153,0.498,103.521
210,I'm On One,DJ Khaled,We The Best Forever,0.519,0.802,11,-3.449,0,0.296,0.0606,0.0,0.606,0.414,150.013
211,No Shopping,French Montana,No Shopping,0.895,0.49,10,-10.31,0,0.251,0.0125,0.00101,0.142,0.257,83.508
212,Where Ya At (feat. Drake),Future,DS2 (Deluxe),0.813,0.453,1,-6.941,1,0.338,0.0933,0.0,0.14,0.191,161.997
213,Never Satisfied (feat. Drake),Future,Honest,0.616,0.623,9,-7.233,1,0.308,0.501,7.5e-06,0.243,0.458,143.888
214,100it Racks,Future,Project E.T.,0.82,0.599,10,-9.796,0,0.141,0.226,0.0489,0.105,0.356,137.022
215,100 (feat. Drake),The Game,The Documentary 2,0.801,0.521,4,-9.871,0,0.28,0.0136,0.0,0.179,0.412,108.025
216,Back on Road,Gucci Mane,Everybody Looking,0.833,0.673,1,-6.981,0,0.315,0.329,0.0,0.136,0.753,148.019
217,Tuesday (feat. Drake),ILOVEMAKONNEN,I LOVE MAKONNEN,0.77,0.664,0,-5.604,1,0.211,0.215,0.000118,0.105,0.472,140.163
218,Poetic Justice,Kendrick Lamar,"good kid, m.A.A.d city (Deluxe)",0.779,0.572,6,-9.985,0,0.378,0.157,0.0,0.246,0.647,135.956
219,Believe Me,Lil Wayne,Believe Me,0.842,0.482,10,-8.846,0,0.181,0.281,0.0,0.111,0.205,92.023
220,Grindin',Lil Wayne,Grindin',0.797,0.521,1,-8.21,1,0.204,0.0118,0.0,0.564,0.391,103.985
221,Right Above It,Lil Wayne,I Am Not A Human Being,0.546,0.841,3,-4.303,0,0.307,0.0441,0.0,0.538,0.506,75.975
222,Love Me,Lil Wayne,Love Me,0.672,0.632,8,-6.426,0,0.033,0.0133,0.0,0.108,0.501,124.931
223,R.I.C.O. (feat. Drake),Meek Mill,Dreams Worth More Than Money,0.727,0.599,1,-6.941,1,0.327,0.317,0.0,0.219,0.386,167.909
224,Versace (Remix),Migos,Versace (feat. Drake) [Remix] - Single,0.845,0.705,6,-4.271,0,0.243,0.0218,0.0,0.339,0.334,132.05
225,Truffle Butter,Nicki Minaj,Truffle Butter,0.896,0.674,10,-6.89,0,0.0499,0.0644,1.83e-05,0.12,0.516,105.096
226,Schemin Up (feat. Drake and P. Reign),OB OBrien,Schemin Up (feat. Drake and P. Reign),0.752,0.766,1,-5.11,1,0.251,0.338,0.0,0.0861,0.501,141.82
227,Over Here (feat. Drake),PARTYNEXTDOOR,PARTYNEXTDOOR,0.794,0.592,8,-6.973,1,0.129,0.0384,1.86e-05,0.111,0.177,97.201
228,Come and See Me (feat. Drake),PARTYNEXTDOOR,PARTYNEXTDOOR 3 (P3),0.717,0.347,11,-10.265,0,0.0636,0.0511,2.43e-06,0.087,0.0589,84.987
229,Work,Rihanna,ANTI,0.725,0.534,11,-6.238,1,0.0946,0.0752,0.0,0.0919,0.558,91.974
230,What's My Name?,Rihanna,Loud,0.692,0.786,2,-2.959,1,0.069,0.23,0.0,0.0797,0.583,100.025
231,Who Do You Love?,YG,My Krazy Life,0.681,0.406,4,-9.83,1,0.437,0.0304,0.0,0.0892,0.172,193.068
232,Why You Always Hatin?,YG,Still Brazy (Deluxe),0.927,0.362,0,-9.329,0,0.591,0.0442,0.0,0.139,0.389,93.008
233,Trophies,Young Money,Rise Of An Empire (Deluxe Edition),0.74,0.694,1,-7.488,1,0.505,0.153,0.0,0.137,0.249,143.894
234,4 My Town (Play Ball),Birdman,Pricele$$ (UK Deluxe Edition),0.615,0.619,1,-6.567,1,0.231,0.0546,0.0,0.31,0.521,152.105
235,Mo Milly,Birdman,Pricele$$ (UK Deluxe Edition),0.677,0.95,1,-3.807,1,0.213,0.0114,0.0,0.163,0.801,151.955
236,Loving You No More,Diddy - Dirty Money,Last Train To Paris [Deluxe (Explicit Version)],0.427,0.682,8,-2.268,0,0.037,0.0288,0.0,0.175,0.455,189.948
237,Pop That,French Montana,Pop That,0.739,0.912,2,-1.253,1,0.113,0.0596,0.0,0.65,0.582,137.998
238,Good Girls Go Bad,The Game,The R.E.D. Album,0.38,0.84,1,-4.528,0,0.311,0.0291,0.0,0.87,0.387,159.939
239,In the Morning,J. Cole,Cole World: The Sideline Story,0.44,0.671,3,-10.598,0,0.477,0.764,0.0,0.212,0.479,83.078
240,Fall For Your Type (feat. Drake),Jamie Foxx,Best Night Of My Life,0.593,0.393,1,-11.736,1,0.0827,0.394,3.24e-06,0.11,0.193,136.866
241,Right Here,Justin Bieber,Believe,0.639,0.57,1,-4.966,1,0.042,0.0233,0.0,0.329,0.728,92.073
242,Gonorrhea,Lil Wayne,I Am Not A Human Being,0.715,0.745,9,-5.71,1,0.251,0.0311,0.0,0.0823,0.688,148.043
243,With You,Lil Wayne,I Am Not A Human Being (Explicit Version),0.391,0.467,8,-7.451,1,0.0622,0.762,0.0,0.242,0.468,150.783
244,She Will,Lil Wayne,Tha Carter IV (Deluxe),0.364,0.841,8,-4.831,1,0.119,0.000402,0.0,0.242,0.0841,100.14
245,It's Good,Lil Wayne,Tha Carter IV (Deluxe),0.665,0.714,8,-7.292,1,0.158,0.0246,0.0,0.119,0.0999,85.368
246,My Love (feat. Drake),Majid Jordan,Majid Jordan,0.624,0.536,2,-9.575,0,0.0799,0.109,0.000428,0.102,0.131,119.088
247,Mr. Wrong,Mary J. Blige,My Life II...The Journey Continues (Act 1),0.694,0.674,0,-4.991,0,0.164,0.202,1.22e-05,0.138,0.46,143.067
248,Only,Nicki Minaj,Only,0.866,0.506,8,-6.913,0,0.469,0.359,0.0,0.0922,0.272,119.954
249,Champion,Nicki Minaj,Pink Friday ... Roman Reloaded,0.453,0.697,1,-4.759,1,0.039,0.00653,0.0,0.469,0.0486,164.126
250,DnF (feat. Drake & Future),Preme,DnF (feat. Drake & Future),0.721,0.607,0,-7.078,0,0.277,0.0958,0.0,0.29,0.59,76.987
251,Diced Pineapples,Rick Ross,"God Forgives, I Don't (Deluxe Edition)",0.511,0.734,6,-6.025,0,0.239,0.352,0.0,0.196,0.377,110.771
252,Stay Schemin,Rick Ross,Stay Schemin,0.448,0.719,7,-4.179,0,0.291,0.0833,0.0,0.162,0.301,162.09
253,Aston Martin Music,Rick Ross,Teflon Don,0.57,0.58,10,-5.547,0,0.209,0.0125,0.0,0.0497,0.405,171.917
254,Drama (feat. Drake),Roy Woods,Exis,0.709,0.362,11,-9.814,1,0.055,0.157,0.0,0.109,0.113,122.043
255,So Good,Shanell,So Good,0.574,0.797,0,-8.617,0,0.0677,0.000744,0.0,0.331,0.319,157.954
256,Know Bout Me,Timbaland,Know Bout Me,0.788,0.714,2,-6.757,1,0.0538,0.0437,0.0041,0.338,0.181,107.004
257,Say Something (Featuring Drake),Timbaland,Shock Value II (International Deluxe version),0.555,0.713,11,-4.549,1,0.0911,0.0845,0.0,0.712,0.725,79.934
258,Still Got It,Tyga,Still Got It,0.51,0.864,8,-4.795,0,0.372,0.375,1.15e-06,0.434,0.239,119.198
259,The Zone,The Weeknd,Trilogy,0.616,0.523,3,-8.105,0,0.0839,0.305,0.000411,0.1,0.258,139.951
260,"3 on (feat. Tinashe, Drake)",ScHoolboy Q,Schoolboy Q 2,0.797,0.569,9,-8.554,1,0.112,0.153,0.0,0.296,0.51,101.02
261,Cabaret (feat. Drake),Justin Timberlake,The 20/20 Experience - 2 of 2 (Deluxe),0.692,0.735,8,-5.132,1,0.0881,0.106,4.59e-06,0.239,0.333,120.154
262,Recognize (feat. Drake),PARTYNEXTDOOR,PARTYNEXTDOOR TWO,0.643,0.541,2,-5.801,1,0.0426,0.0102,0.0,0.102,0.165,119.499
263,Odio (feat. Drake),Romeo Santos,"Fórmula, Vol. 2 (Deluxe Edition)",0.802,0.725,0,-5.965,0,0.0676,0.574,0.0,0.0821,0.598,128.04
264,Killer (feat. Drake),Nipsey Hussle,Bullets Ain't Got No Name Vol. 3.1,0.573,0.704,8,-7.45,0,0.297,0.0499,0.0,0.0821,0.371,76.409
265,Fo Real,Future,Notice Me,0.496,0.645,7,-6.369,1,0.196,0.282,0.0,0.135,0.764,144.707
266,No Guns Allowed (feat. Drake & Cori B.),Snoop Lion,Reincarnated (Deluxe Version),0.683,0.606,1,-7.057,1,0.0476,0.158,0.0,0.11,0.369,131.926
267,"F**kin' Problems (feat. Drake, 2 Chainz & Kendrick Lamar)",A$AP Rocky,LONG.LIVE.A$AP (Deluxe Version),0.869,0.687,1,-6.816,1,0.263,0.0208,1e-06,0.114,0.668,96.006
268,I Do It,2 Chainz,B.O.A.T.S. II #METIME,0.603,0.701,11,-4.495,0,0.188,0.183,0.0,0.193,0.603,145.346
269,Amen (feat. Drake),Meek Mill,Dreams and Nightmares,0.503,0.795,10,-4.505,1,0.335,0.178,0.0,0.042,0.265,149.981
270,We In This 1.5 (feat. Drake and Future),DJ Drama,We In This 1.5 (feat. Drake and Future),0.462,0.843,4,-4.903,0,0.135,0.201,0.0,0.434,0.494,153.877
271,Tony Montana (feat. Drake),Future,Pluto,0.671,0.738,10,-5.328,0,0.072,0.0112,0.0,0.286,0.212,143.161
272,Round of Applause (feat. Drake),Waka Flocka Flame,Round of Applause (feat. Drake),0.712,0.758,9,-4.835,1,0.26,0.343,0.0,0.141,0.903,140.02
273,Poppin Bottles (feat. Drake),T.I.,No Mercy,0.629,0.853,0,-4.36,1,0.104,0.00189,0.0,0.34,0.373,78.033
274,Put It Down (feat. Drake),Bun B,Trill O.G.,0.767,0.83,5,-5.188,0,0.211,0.188,0.0,0.0755,0.884,150.049
275,Moment 4 Life,Nicki Minaj,Pink Friday,0.651,0.888,11,-3.821,1,0.295,0.375,0.0,0.299,0.371,97.946
276,The One,Mary J. Blige,Stronger withEach Tear,0.854,0.671,11,-6.303,1,0.254,0.176,0.0,0.261,0.366,104.038
277,It's Been a Pleasure,Bun B,Trill O.G.,0.569,0.759,6,-6.412,0,0.173,0.0687,0.0,0.356,0.154,153.923
278,What Up,Pimp C,The Naked Soul of Sweet Jones,0.417,0.764,1,-5.364,1,0.458,0.0494,0.0,0.156,0.525,159.952
279,I Invented Sex (feat. Drake),Trey Songz,Ready,0.69,0.76,0,-4.778,1,0.0587,0.0678,0.0,0.184,0.468,89.958
280,Money To Blow - Street Version,Birdman,Pricele$$ (UK Deluxe Edition),0.708,0.578,6,-8.686,1,0.0631,0.0095,0.0,0.353,0.696,133.03
281,Used to This (feat. Drake),Future,Used to This (feat. Drake),0.618,0.727,3,-7.224,0,0.208,0.0312,0.0,0.196,0.401,164.992
282,No New Friends - SFTB Remix,DJ Khaled,Suffering From Success (Deluxe Version),0.699,0.673,2,-6.337,1,0.158,0.00595,0.0,0.459,0.231,124.978
283,BedRock,Young Money,We Are Young Money,0.733,0.664,8,-6.163,1,0.295,0.102,0.0,0.191,0.557,148.005
284,Forever,Drake,Forever,0.459,0.925,5,-1.327,0,0.35,0.248,0.0,0.174,0.533,104.855
285,EveryGirl In The World,Young Money,We Are Young Money,0.605,0.744,4,-5.5,1,0.252,0.00291,0.0,0.319,0.743,76.171
286,Stuntin,Lil Wayne,Dedication 3 Gangsta Grillz,0.778,0.66,1,-9.508,1,0.496,0.074,0.0,0.282,0.743,118.377
287,I'm Still Fly feat. Drake - Dirty,Page,I'm Still Fly (feat. Drake),0.495,0.579,9,-7.474,1,0.158,0.00097,0.0,0.299,0.22,104.267
288,Both (feat. Drake),Gucci Mane,The Return of East Atlanta Santa,0.85,0.405,7,-7.509,0,0.225,0.119,0.000118,0.0707,0.344,139.976
289,Made Men,DJ Rell,DJ Rell Presents: Dope Boy Flows,0.755,0.618,7,-6.575,1,0.247,0.00456,0.0,0.343,0.159,138.014
290,Ojuelegba (Remix),Wizkid,Best of Wizkid,0.738,0.75,9,-7.546,0,0.0989,0.156,0.0,0.287,0.925,100.062
291,Mine (feat. Drake),Beyoncé,BEYONCÉ [Platinum Edition],0.557,0.428,5,-11.306,1,0.136,0.0673,0.0019,0.144,0.0996,103.009
292,"Digital Girl Remix (feat. Drake, Kanye West & The-Dream) - Original Remix",Jamie Foxx,"Digital Girl Remix (feat. Drake, Kanye West & The-Dream) [Original Remix]",0.533,0.674,1,-5.862,1,0.358,0.018,0.0,0.0906,0.602,213.737
293,"Faith, Pt. 2",Kos,Muchmusic Presents: K-Os Live,0.805,0.54,11,-9.299,0,0.103,0.336,0.0,0.206,0.412,112.754
294,Unusual (feat. Drake),Trey Songz,"Passion, Pain & Pleasure",0.591,0.658,0,-5.881,0,0.195,0.182,0.0,0.615,0.623,81.933
295,Change You,Jenna,The Radio Singles,0.482,0.698,6,-6.701,0,0.35,0.0924,0.0,0.0719,0.899,132.981
296,Un-thinkable (I'm Ready) (feat. Drake) - Remix,Alicia Keys,Un-thinkable (I'm Ready) (feat. Drake) [Remix],0.531,0.603,7,-6.242,1,0.0944,0.728,0.0,0.11,0.228,86.162
297,Bad Meaning Good,Beatchild,"BBE20 - Attitude, Belief & Determination",0.714,0.707,6,-5.828,1,0.38,0.413,0.0,0.125,0.554,95.023
298,Celebration (feat. Drake),Tank,Now or Never,0.691,0.675,3,-5.612,0,0.146,0.345,0.0,0.229,0.925,73.024
299,Seeing Green (with Drake & Lil Wayne),Nicki Minaj,Beam Me Up Scotty,0.573,0.867,5,-2.876,0,0.168,0.0853,0.0,0.38,0.231,74.861
300,Best I Ever Had Remix,Nicki Minaj,Beam Me Up Scotty,0.4,0.874,8,-2.698,1,0.281,0.232,0.0,0.16,0.647,160.794
301,Successful (with Drake),Trey Songz,Ready,0.567,0.457,8,-8.062,1,0.408,0.542,0.0,0.221,0.311,159.669
302,Solid (feat. Drake),Young Stoner Life,Slime Language 2,0.887,0.485,11,-9.358,0,0.2,0.0392,0.0,0.141,0.328,125.987
303,No Guidance (feat. Drake),Chris Brown,No Guidance (feat. Drake),0.698,0.454,1,-6.756,0,0.151,0.123,0.0,0.155,0.137,92.932
304,Lemon Pepper Freestyle (feat. Rick Ross),Drake,Scary Hours 2,0.77,0.637,1,-5.53,1,0.345,0.103,0.0,0.171,0.431,94.966
305,Wants and Needs (feat. Lil Baby),Drake,Scary Hours 2,0.578,0.449,1,-6.349,1,0.286,0.0618,2.17e-06,0.119,0.1,136.006
306,What’s Next,Drake,Scary Hours 2,0.781,0.594,0,-6.959,0,0.0485,0.0136,0.0,0.162,0.0628,129.895
307,Talk To Me,Drakeo the Ruler,The Truth Hurts,0.773,0.281,1,-9.781,1,0.11,0.24,0.0,0.112,0.465,102.019
308,It's Like That,The Superstarz Kids,Hip Hop Dance Mix,0.974,0.607,8,-10.347,1,0.0906,0.00732,0.0,0.0888,0.627,120.961
309,Kick Push,The Superstarz Kids,Hip Hop Dance Mix,0.734,0.64,5,-10.312,1,0.0719,0.0119,6.19e-05,0.164,0.487,95.017
310,Basketball,The Superstarz Kids,Hip Hop Dance Mix,0.914,0.486,6,-10.701,0,0.185,0.0343,0.0,0.293,0.877,107.773
311,B.B. King Freestyle (with Drake),Lil Wayne,B.B. King Freestyle,0.664,0.553,11,-8.316,1,0.415,0.455,0.0,0.181,0.722,87.009
312,Finale,Young Money,We Are Young Money,0.562,0.859,10,-6.481,0,0.45,0.00331,0.0,0.411,0.454,169.789
313,"Fed Up (feat. Lil Wayne, Usher, Drake, Young Jeezy, Rick Ross)",DJ Khaled,Victory,0.349,0.795,8,-5.013,0,0.354,0.0707,0.0,0.481,0.552,178.059
314,You’re Mines Still (feat. Drake),Yung Bleu,You’re Mines Still (feat. Drake),0.575,0.609,5,-4.88,0,0.121,0.317,0.0,0.105,0.339,83.004
315,My Darling - Feat. Lil’ Wayne & Drake,Various Artists,The Usual Suspects,0.368,0.831,6,-7.611,0,0.488,0.0246,0.0,0.192,0.803,68.317
316,"Street Cred (Feat. DJ Drama, Drake & Killer Mike)",Gucci Mane,Guccimerica,0.406,0.83,5,-6.028,1,0.516,0.384,0.0,0.709,0.569,78.784
317,Mr. Right Now (feat. Drake),21 Savage,SAVAGE MODE II,0.647,0.667,5,-5.563,1,0.304,0.231,0.0,0.133,0.704,172.08
318,Outta Time (feat. Drake),Bryson Tiller,A N N I V E R S A R Y,0.714,0.582,5,-7.272,0,0.0808,0.0129,0.0,0.0774,0.338,92.819
319,Laugh Now Cry Later (feat. Lil Durk),Drake,Laugh Now Cry Later (feat. Lil Durk),0.761,0.518,0,-8.871,1,0.134,0.244,3.47e-05,0.107,0.522,133.976
320,ALL I NEED (feat. Drake),Popcaan,FIXTAPE,0.573,0.427,10,-9.0,0,0.05,0.0675,9.25e-05,0.101,0.127,91.405
321,TWIST & TURN (feat. Drake & PARTYNEXTDOOR),Popcaan,FIXTAPE,0.571,0.747,7,-4.659,1,0.17,0.478,0.0,0.116,0.635,106.253
322,Gold Roses (feat. Drake),Rick Ross,Port of Miami 2,0.502,0.633,1,-5.8,1,0.419,0.00991,0.0,0.389,0.552,83.226
323,Only You Freestyle,Headie One,Only You Freestyle,0.68,0.826,5,-2.561,1,0.27,0.562,0.0,0.254,0.804,146.95
324,POPSTAR (feat. Drake),DJ Khaled,POPSTAR (feat. Drake),0.8,0.56,5,-4.818,0,0.261,0.057,0.0,0.134,0.45,163.071
325,GREECE (feat. Drake),DJ Khaled,GREECE (feat. Drake),0.695,0.343,5,-10.798,1,0.0432,0.0743,1.04e-06,0.107,0.229,85.84
326,Oprah’s Bank Account (Lil Yachty & DaBaby feat. Drake),Lil Yachty,Oprah’s Bank Account (Lil Yachty & DaBaby feat. Drake),0.836,0.617,0,-4.363,1,0.0534,0.17,0.0,0.319,0.866,138.066
327,LOYAL (feat. Drake and Bad Bunny) - Remix,PARTYNEXTDOOR,LOYAL (feat. Drake and Bad Bunny) [Remix],0.877,0.529,0,-6.235,0,0.0461,0.479,0.00159,0.094,0.422,104.984
328,Life Is Good (feat. Drake),Future,Life Is Good (feat. Drake),0.676,0.609,2,-5.831,0,0.481,0.0706,0.0,0.152,0.508,142.037
329,Off That,JAY-Z,The Blueprint 3,0.564,0.929,1,-3.839,1,0.275,0.279,0.0,0.149,0.808,110.539
330,Behind Barz - Bonus,Drake,Top Boy (A Selection of Music Inspired by the Series),0.854,0.554,8,-4.684,1,0.172,0.769,1.84e-06,0.0749,0.272,142.069
331,Ela É do Tipo (feat. Drake) - Remix,MC Kevin o Chris,Ela É do Tipo (feat. Drake) [Remix],0.576,0.524,6,-5.428,1,0.24,0.89,0.0,0.108,0.715,99.387
332,LOYAL (feat. Drake),PARTYNEXTDOOR,LOYAL (feat. Drake),0.866,0.53,0,-6.347,0,0.0495,0.517,0.00159,0.0946,0.203,104.952
333,Won't Be Late (feat. Drake),Swae Lee,Won't Be Late (feat. Drake),0.915,0.588,7,-6.302,0,0.0677,0.0824,0.000169,0.104,0.329,123.936
334,Money In The Grave (Drake ft. Rick Ross),Drake,The Best In The World Pack,0.831,0.502,10,-4.045,0,0.046,0.101,0.0,0.122,0.101,100.541
335,Omertà,Drake,The Best In The World Pack,0.646,0.899,6,-2.232,1,0.298,0.0337,0.0,0.232,0.685,164.119
336,Girls Need Love (with Drake) - Remix,Summer Walker,Girls Need Love (with Drake) [Remix],0.656,0.432,6,-9.481,0,0.217,0.443,0.0,0.132,0.0897,97.022
337,All Of The Lights - (Remix),Evil Empire,Trending Topics: March Madness,0.457,0.81,10,-5.735,0,0.217,0.0485,0.0,0.605,0.642,141.434
338,Going Bad (feat. Drake),Meek Mill,Championships,0.889,0.496,4,-6.365,0,0.0905,0.259,0.0,0.252,0.544,86.003
339,FLIP THE SWITCH (feat. Drake),Quavo,QUAVO HUNCHO,0.853,0.637,3,-5.924,0,0.331,0.129,0.0,0.267,0.496,86.048
340,MIA (feat. Drake),Bad Bunny,MIA (feat. Drake),0.817,0.539,6,-6.349,0,0.0621,0.0141,0.000496,0.099,0.158,97.062
341,"Never Recover (Lil Baby & Gunna, Drake)",Lil Baby,Drip Harder,0.753,0.686,1,-5.415,0,0.284,0.0677,0.0,0.193,0.886,132.055
342,No Stylist (feat. Drake),French Montana,No Stylist,0.765,0.704,5,-4.589,0,0.127,0.0215,0.0,0.227,0.498,147.055
343,SICKO MODE,Travis Scott,ASTROWORLD,0.834,0.73,8,-3.714,1,0.222,0.00513,0.0,0.124,0.446,155.008
344,Bigger Than You (feat. Drake & Quavo),2 Chainz,Bigger Than You feat. Drake & Quavo,0.888,0.515,1,-6.246,1,0.271,0.247,0.0,0.446,0.264,141.009
345,Yes Indeed,Lil Baby,Yes Indeed,0.964,0.346,5,-9.309,0,0.53,0.035,0.0,0.108,0.562,119.958
346,Lemon (feat. Drake) - Drake Remix,N.E.R.D,Lemon (feat. Drake) [Drake Remix],0.777,0.657,1,-6.434,1,0.237,0.000738,3.34e-06,0.0932,0.245,189.992
347,Look Alive (feat. Drake),BlocBoy JB,Look Alive (feat. Drake),0.922,0.581,10,-7.495,1,0.27,0.00104,5.86e-05,0.105,0.595,140.022
348,Walk It Talk It,Migos,Culture II,0.909,0.631,9,-5.447,1,0.205,0.0717,0.0,0.108,0.394,145.968
349,Diplomatic Immunity,Drake,Scary Hours,0.663,0.846,0,-5.226,1,0.453,0.00472,0.0,0.292,0.526,75.137
350,Sunflower (feat. Drake),Lenny Kravitz,Black and White America,0.41,0.777,5,-8.538,1,0.047,0.00324,0.00125,0.0837,0.609,116.477
351,In My Business (Feat. Drake & Sean Garrett),Gucci Mane,Guccimerica,0.735,0.714,9,-5.798,0,0.243,0.39,0.0,0.408,0.879,140.001
352,Bring It Back (with Drake & Mike WiLL Made-It),Trouble,Bring It Back (with Drake & Mike WiLL Made-It),0.878,0.318,6,-5.81,0,0.403,0.234,5.08e-06,0.111,0.214,151.968
353,Share,Beatchild,Soul Movement Vol I,0.745,0.617,8,-7.642,0,0.591,0.223,0.00688,0.148,0.802,93.945
354,Enjoy Ya Self V2,Beatchild,Soul Movement Vol I,0.844,0.637,1,-3.136,0,0.0926,0.203,2.74e-05,0.0791,0.812,97.967
355,No Complaints,Metro Boomin,No Complaints,0.911,0.51,2,-10.786,1,0.185,0.0836,0.0658,0.0797,0.191,123.961
356,Signs,Drake,Signs,0.801,0.727,0,-4.687,1,0.0606,0.0864,0.00406,0.112,0.218,107.371
357,To the Max,DJ Khaled,To the Max,0.461,0.812,10,-5.776,0,0.241,0.0184,0.000375,0.21,0.72,159.869
358,Live For,The Weeknd,Kiss Land (Deluxe),0.624,0.68,0,-7.64,1,0.112,0.517,0.0,0.114,0.227,75.983
359,F*** Da Bulls***,Young Money,We Are Young Money,0.654,0.684,4,-7.953,0,0.251,0.0771,0.0,0.314,0.665,79.994
360,Pass The Dutch,Young Money,We Are Young Money,0.548,0.553,9,-10.328,1,0.457,0.254,0.0,0.111,0.874,84.24
361,Both (feat. Drake & Lil Wayne) - Remix,Gucci Mane,Both (feat. Drake & Lil Wayne) [Remix],0.834,0.493,5,-6.567,0,0.128,0.0606,7.95e-05,0.0666,0.28,140.007
362,Throw It In The Bag - Remix,Fabolous,Mandated,0.519,0.852,1,-6.696,0,0.25,0.307,0.0,0.13,0.551,113.619
363,Come Closer (feat. Drake),Wizkid,Come Closer (feat. Drake),0.835,0.457,4,-7.455,0,0.204,0.138,1.96e-06,0.109,0.544,99.99
364,"Deuces Remix (feat. Drake, Kanye West & André 3000)",Chris Brown,Deuces Remix,0.72,0.649,5,-5.187,0,0.239,0.317,0.0,0.0886,0.243,147.941
365,No Frauds,Nicki Minaj,No Frauds,0.865,0.553,1,-7.012,1,0.276,0.0788,3.17e-06,0.514,0.443,139.023
366,Celebration (feat. Drake),Tank,Now or Never,0.691,0.675,3,-5.612,0,0.146,0.345,0.0,0.229,0.925,73.024
367,Wasting Time ( feat. Drake & The Neptunes ),Brent Faiyaz,Wasting Time ( feat. Drake & The Neptunes ),0.443,0.72,7,-3.743,0,0.0733,0.0669,0.0,0.0909,0.374,89.378
368,Having Our Way (feat. Drake),Migos,Culture III,0.927,0.538,1,-3.917,1,0.116,0.0312,0.0,0.0945,0.221,125.983
369,Over The Top (feat. Drake),Smiley,Over The Top (feat. Drake),0.842,0.494,10,-5.239,0,0.103,0.0537,0.0,0.0983,0.276,139.968
370,Betrayal (feat. Drake),Trippie Redd,Trip At Knight (Complete Edition),0.74,0.564,8,-6.71,1,0.0688,0.0126,0.0,0.126,0.129,158.114
371,Bubbly (with Drake & Travis Scott),Young Thug,Punk,0.91,0.585,11,-7.572,0,0.257,0.0536,0.0,0.127,0.599,129.011
372,Champagne Poetry,Drake,Certified Lover Boy,0.423,0.667,6,-7.012,0,0.326,0.758,0.0,0.246,0.496,86.743
373,Papi’s Home,Drake,Certified Lover Boy,0.701,0.741,2,-6.157,1,0.313,0.112,0.0,0.699,0.588,140.177
374,Girls Want Girls (with Lil Baby),Drake,Certified Lover Boy,0.767,0.438,7,-8.726,0,0.29,0.181,0.0,0.142,0.381,86.975
375,In The Bible (with Lil Durk & Giveon),Drake,Certified Lover Boy,0.686,0.385,7,-8.35,0,0.297,0.614,0.0,0.131,0.147,143.07
376,Love All (with JAY-Z),Drake,Certified Lover Boy,0.73,0.576,2,-5.442,1,0.287,0.354,3.59e-05,0.15,0.155,92.131
377,Fair Trade (with Travis Scott),Drake,Certified Lover Boy,0.666,0.465,1,-8.545,1,0.26,0.0503,0.0,0.215,0.292,167.937
378,Way 2 Sexy (with Future & Young Thug),Drake,Certified Lover Boy,0.803,0.597,11,-6.035,0,0.141,0.000619,4.5e-06,0.323,0.331,136.008
379,TSU,Drake,Certified Lover Boy,0.568,0.56,9,-9.059,1,0.42,0.228,3.05e-06,0.39,0.246,130.019
380,N 2 Deep,Drake,Certified Lover Boy,0.507,0.429,2,-7.726,1,0.326,0.0518,0.0,0.109,0.0744,91.0
381,Pipe Down,Drake,Certified Lover Boy,0.518,0.69,9,-6.15,1,0.107,0.128,0.0,0.176,0.59,77.837
382,Yebba’s Heartbreak,Drake,Certified Lover Boy,0.476,0.161,8,-11.665,0,0.0407,0.967,0.0381,0.109,0.0908,119.614
383,No Friends In The Industry,Drake,Certified Lover Boy,0.84,0.744,1,-4.751,1,0.113,0.0181,0.0,0.629,0.171,83.737
384,Knife Talk (with 21 Savage ft. Project Pat),Drake,Certified Lover Boy,0.849,0.424,5,-9.579,0,0.324,0.0635,0.0,0.0834,0.153,145.887
385,7am On Bridle Path,Drake,Certified Lover Boy,0.724,0.531,5,-4.108,0,0.298,0.225,0.0,0.11,0.141,89.901
386,Race My Mind,Drake,Certified Lover Boy,0.488,0.635,10,-7.19,1,0.26,0.179,8.16e-06,0.156,0.783,174.072
387,Fountains (with Tems),Drake,Certified Lover Boy,0.843,0.485,10,-8.735,0,0.195,0.181,0.0675,0.107,0.689,100.053
388,Get Along Better,Drake,Certified Lover Boy,0.32,0.466,8,-6.77,1,0.0374,0.00645,0.0,0.133,0.338,177.693
389,You Only Live Twice (with Lil Wayne & Rick Ross),Drake,Certified Lover Boy,0.519,0.851,7,-6.001,1,0.29,0.118,0.0,0.178,0.711,123.823
390,IMY2 (with Kid Cudi),Drake,Certified Lover Boy,0.59,0.493,7,-8.704,0,0.0367,0.402,0.00504,0.129,0.0498,150.026
391,F*****g Fans,Drake,Certified Lover Boy,0.783,0.416,4,-9.84,0,0.135,0.213,0.0,0.103,0.165,87.073
392,The Remorse,Drake,Certified Lover Boy,0.473,0.53,0,-8.506,1,0.249,0.812,6.92e-06,0.227,0.637,74.732
393,I'm Goin In,Drake,I'm Goin In,0.662,0.763,1,-8.455,1,0.377,0.0389,0.0,0.103,0.566,170.031
394,Over,Drake,Over (Explicit Version),0.406,0.86,7,-5.422,1,0.153,0.0124,0.0,0.15,0.479,102.339
395,Charged Up,Drake,Charged Up,0.461,0.696,6,-7.014,0,0.592,0.91,0.0,0.121,0.382,173.695
396,Stars Align (with Drake),Majid Jordan,Wildest Dreams,0.763,0.667,2,-6.285,1,0.085,0.021,2.4e-05,0.0715,0.75,95.864
397,P power (feat. Drake),Gunna,DS4EVER,0.828,0.591,1,-6.217,1,0.109,0.0199,0.000323,0.361,0.202,119.251
398,I'M ON ONE (feat. Drake),Future,I NEVER LIKED YOU,0.773,0.707,11,-5.71,1,0.0568,0.0103,1.04e-05,0.296,0.113,76.977
399,WAIT FOR U (feat. Drake & Tems),Future,I NEVER LIKED YOU,0.463,0.642,1,-4.474,1,0.34,0.314,0.0,0.0686,0.339,83.389
400,Churchill Downs (feat. Drake),Jack Harlow,Come Home The Kids Miss You,0.71,0.522,11,-9.102,1,0.36,0.615,0.0,0.11,0.37,96.448
401,STAYING ALIVE (feat. Drake & Lil Baby),DJ Khaled,STAYING ALIVE (feat. Drake & Lil Baby),0.718,0.496,4,-7.064,0,0.07,0.077,0.0,0.308,0.182,130.0
402,NO SECRET (feat. Drake),DJ Khaled,GOD DID,0.399,0.627,1,-4.164,0,0.0366,0.195,3.58e-05,0.16,0.0409,106.758
403,Rich Flex,Drake,Her Loss,0.561,0.52,11,-9.342,0,0.244,0.0503,1.86e-06,0.355,0.424,153.15
404,Major Distribution,Drake,Her Loss,0.908,0.546,8,-10.491,0,0.323,0.0127,0.0,0.0707,0.225,131.016
405,On BS,Drake,Her Loss,0.841,0.358,9,-8.368,1,0.591,0.0201,0.0,0.39,0.329,158.014
406,BackOutsideBoyz,Drake,Her Loss,0.849,0.433,5,-8.434,0,0.316,0.0407,0.0,0.388,0.395,142.11
407,Privileged Rappers,Drake,Her Loss,0.934,0.614,5,-7.384,1,0.198,0.00274,0.0,0.123,0.616,144.045
408,Spin Bout U,Drake,Her Loss,0.773,0.701,7,-6.386,1,0.0512,0.01,0.0,0.163,0.203,129.963
409,Hours In Silence,Drake,Her Loss,0.501,0.403,6,-11.106,0,0.119,0.234,0.0,0.267,0.111,118.352
410,Treacherous Twins,Drake,Her Loss,0.746,0.517,10,-7.582,0,0.327,0.0782,0.0,0.137,0.609,88.987
411,Circo Loco,Drake,Her Loss,0.734,0.605,1,-8.476,1,0.0699,0.0102,0.0,0.317,0.252,103.976
412,Pussy & Millions (feat. Travis Scott),Drake,Her Loss,0.749,0.63,4,-6.652,0,0.116,0.0623,0.0,0.353,0.445,122.03
413,Broke Boys,Drake,Her Loss,0.642,0.533,2,-7.45,1,0.266,0.0104,0.000108,0.251,0.112,120.041
414,Middle of the Ocean,Drake,Her Loss,0.466,0.703,4,-5.774,0,0.393,0.18,0.0,0.422,0.25,76.815
415,Jumbotron Shit Poppin,Drake,Her Loss,0.799,0.575,6,-6.257,0,0.282,0.221,0.0,0.196,0.319,99.026
416,More M’s,Drake,Her Loss,0.704,0.504,1,-6.749,1,0.223,0.0405,0.000422,0.139,0.0713,82.537
417,3AM on Glenwood,21 Savage,Her Loss,0.475,0.692,1,-8.327,1,0.398,0.0533,6.49e-06,0.18,0.241,181.167
418,I Guess It’s Fuck Me,Drake,Her Loss,0.385,0.34,7,-11.754,1,0.051,0.499,1.2e-05,0.196,0.0398,83.947
419,Intro,Drake,"Honestly, Nevermind",0.193,0.0218,0,-31.16,0,0.0389,0.955,0.88,0.117,0.213,125.501
420,Falling Back,Drake,"Honestly, Nevermind",0.718,0.758,10,-8.29,1,0.0703,0.238,0.00653,0.11,0.349,118.989
421,Texts Go Green,Drake,"Honestly, Nevermind",0.765,0.627,0,-4.607,1,0.0622,0.000916,0.195,0.0847,0.536,118.997
422,Currents,Drake,"Honestly, Nevermind",0.883,0.283,0,-12.653,1,0.113,0.104,0.00167,0.0935,0.416,122.013
423,A Keeper,Drake,"Honestly, Nevermind",0.6,0.482,1,-11.596,1,0.0701,0.512,0.000104,0.115,0.323,121.909
424,Calling My Name,Drake,"Honestly, Nevermind",0.826,0.276,11,-11.227,0,0.266,0.62,8.53e-05,0.118,0.484,123.985
425,Sticky,Drake,"Honestly, Nevermind",0.853,0.495,6,-14.63,1,0.14,0.0917,0.000217,0.0844,0.0774,137.027
426,Massive,Drake,"Honestly, Nevermind",0.499,0.671,4,-6.774,0,0.0561,0.114,0.0169,0.148,0.0557,124.994
427,Flight's Booked,Drake,"Honestly, Nevermind",0.593,0.41,3,-13.097,0,0.0531,0.886,0.0993,0.115,0.201,122.584
428,Overdrive,Drake,"Honestly, Nevermind",0.502,0.645,2,-10.611,0,0.122,0.444,0.00964,0.107,0.518,109.739
429,Down Hill,Drake,"Honestly, Nevermind",0.718,0.319,3,-11.261,1,0.0435,0.965,0.00036,0.0895,0.639,109.994
430,Tie That Binds,Drake,"Honestly, Nevermind",0.775,0.688,4,-10.912,0,0.0593,0.0176,0.0917,0.108,0.284,120.017
431,Liability,Drake,"Honestly, Nevermind",0.557,0.706,0,-6.592,1,0.0649,0.268,0.0,0.132,0.582,105.013
432,Jimmy Cooks (feat. 21 Savage),Drake,"Honestly, Nevermind",0.529,0.673,0,-4.711,1,0.175,0.000307,2.41e-06,0.093,0.366,165.921
433,We Caa Done (feat. Drake),Popcaan,We Caa Done (feat. Drake),0.568,0.76,1,-6.455,0,0.275,0.0431,1.53e-05,0.18,0.481,100.042
434,Search & Rescue,Drake,Search & Rescue,0.817,0.44,10,-8.482,0,0.0734,0.0603,1.42e-06,0.33,0.544,142.024
435,Who Told You (feat. Drake),J Hus,Who Told You (feat. Drake),0.646,0.743,11,-4.572,0,0.338,0.147,0.0,0.101,0.891,151.314
436,Parade on Cleveland (feat. Drake),Young Thug,BUSINESS IS BUSINESS,0.528,0.298,3,-13.044,0,0.556,0.444,7.76e-06,0.111,0.313,166.116
437,Oh U Went (feat. Drake),Young Thug,BUSINESS IS BUSINESS,0.808,0.789,7,-5.88,0,0.236,0.0517,0.0,0.0819,0.465,136.01
438,On The Radar Freestyle,Drake,On The Radar Freestyle,0.615,0.632,1,-8.539,1,0.292,0.108,0.0,0.129,0.194,150.126
439,MELTDOWN (feat. Drake),Travis Scott,UTOPIA,0.557,0.774,7,-5.275,0,0.351,0.012,0.0,0.396,0.397,111.975
440,Virginia Beach,Drake,For All The Dogs,0.402,0.514,1,-7.322,0,0.0471,0.106,0.0,0.181,0.2,120.009
441,Amen (feat. Teezo Touchdown),Drake,For All The Dogs,0.646,0.605,0,-7.59,1,0.188,0.0636,0.0,0.253,0.309,90.156
442,Calling For You (feat. 21 Savage),Drake,For All The Dogs,0.571,0.55,0,-6.567,1,0.106,0.0548,0.0,0.179,0.104,120.947
443,Fear Of Heights,Drake,For All The Dogs,0.581,0.325,10,-9.238,1,0.22,0.0128,0.0,0.16,0.0666,136.934
444,Daylight,Drake,For All The Dogs,0.566,0.564,10,-7.88,0,0.277,0.0149,0.0,0.104,0.0667,139.92
445,First Person Shooter (feat. J. Cole),Drake,For All The Dogs,0.47,0.64,2,-7.779,1,0.32,0.0277,0.0,0.382,0.248,163.92
446,IDGAF (feat. Yeat),Drake,For All The Dogs,0.663,0.67,8,-8.399,1,0.271,0.0464,8.92e-05,0.205,0.138,136.952
447,7969 Santa,Drake,For All The Dogs,0.487,0.49,10,-9.373,0,0.0649,0.554,0.0,0.126,0.325,141.389
448,Slime You Out (feat. SZA),Drake,For All The Dogs,0.483,0.408,5,-9.243,0,0.0502,0.508,0.0,0.259,0.105,88.88
449,Bahamas Promises,Drake,For All The Dogs,0.626,0.309,1,-10.397,1,0.0433,0.85,1.31e-05,0.117,0.369,117.94
450,Tried Our Best,Drake,For All The Dogs,0.57,0.295,8,-13.693,0,0.0445,0.837,0.0,0.167,0.231,84.139
451,Screw The World - Interlude,Drake,For All The Dogs,0.823,0.642,1,-5.922,1,0.258,0.0644,0.714,0.105,0.629,146.781
452,Drew A Picasso,Drake,For All The Dogs,0.707,0.334,7,-12.792,1,0.244,0.375,0.0,0.17,0.143,127.944
453,Members Only (feat. PARTYNEXTDOOR),Drake,For All The Dogs,0.647,0.34,2,-8.795,0,0.0496,0.245,0.0,0.107,0.176,91.998
454,What Would Pluto Do,Drake,For All The Dogs,0.832,0.555,10,-7.766,0,0.116,0.0506,0.0,0.213,0.473,95.618
455,All The Parties (feat. Chief Keef),Drake,For All The Dogs,0.65,0.405,7,-10.156,0,0.199,0.552,0.0,0.107,0.195,124.747
456,8am in Charlotte,Drake,For All The Dogs,0.567,0.682,4,-6.423,1,0.274,0.643,0.0,0.512,0.668,79.043
457,BBL Love - Interlude,Drake,For All The Dogs,0.502,0.391,4,-9.013,1,0.0428,0.845,0.0,0.112,0.574,132.819
458,Gently (feat. Bad Bunny),Drake,For All The Dogs,0.868,0.407,10,-7.735,1,0.295,0.0479,0.000111,0.139,0.255,107.524
459,Rich Baby Daddy (feat. Sexyy Red & SZA),Drake,For All The Dogs,0.645,0.729,2,-4.56,1,0.0528,0.0377,0.0,0.384,0.142,146.01
460,Another Late Night (feat. Lil Yachty),Drake,For All The Dogs,0.684,0.541,5,-8.04,0,0.0483,0.0347,0.0,0.138,0.214,158.046
461,Away From Home,Drake,For All The Dogs,0.848,0.625,1,-7.64,1,0.0587,0.0195,0.0,0.109,0.226,93.019
462,Polar Opposites,Drake,For All The Dogs,0.44,0.274,5,-14.464,0,0.0809,0.0924,3.37e-06,0.128,0.343,76.513
463,WASTING TIME (FEAT. DRAKE & THE NEPTUNES),Brent Faiyaz,WASTELAND,0.443,0.72,7,-3.743,0,0.0733,0.0669,0.0,0.0909,0.374,89.378
464,Red Button,Drake,For All The Dogs Scary Hours Edition,0.455,0.707,0,-5.765,1,0.179,0.155,0.0,0.132,0.393,114.47
465,Stories About My Brother,Drake,For All The Dogs Scary Hours Edition,0.65,0.839,8,-4.428,0,0.18,0.572,7.12e-05,0.219,0.846,87.39
466,The Shoe Fits,Drake,For All The Dogs Scary Hours Edition,0.354,0.79,4,-6.758,0,0.329,0.291,0.0,0.309,0.652,74.179
467,Wick Man,Drake,For All The Dogs Scary Hours Edition,0.476,0.926,2,-6.623,1,0.48,0.353,0.0,0.224,0.52,86.252
468,Evil Ways (feat. J. Cole),Drake,For All The Dogs Scary Hours Edition,0.56,0.784,1,-5.304,1,0.301,0.0508,0.0,0.221,0.25,78.161
469,You Broke My Heart,Drake,For All The Dogs Scary Hours Edition,0.465,0.7,10,-5.163,0,0.0893,0.203,0.0,0.299,0.276,120.854
470,Needle (feat. Drake),Nicki Minaj,Pink Friday 2,0.807,0.593,7,-7.304,1,0.104,0.316,0.00083,0.137,0.323,110.001
